Station,Total,Lat,Lng
"('COURT SQ-23 ST', 'EMG')",49904,40.747257,-73.945112
"('53 ST', 'R')",44509,40.644959,-74.014034
"('116 ST', 'BC')",41475,40.805072,-73.954833
"('CHAMBERS ST', 'ACE23')",220010,40.71433,-74.008563
"('20 AVE', 'N')",23960,40.617373,-73.985088
"('55 ST', 'D')",11489,40.631412,-73.995473
"('SPRING ST', '6')",76553,40.722397,-73.997211
"('111 ST', 'J')",15169,40.697405,-73.836354
"('CHURCH AVE', 'FG')",64555,40.644039,-73.979541
"('57 ST-7 AVE', 'NQR')",137500,40.764755,-73.980646
"('NECK ROAD', 'BQ')",25976,40.595234,-73.95509
"('138 ST-3 AVE', '6')",48208,40.810512,-73.926165
"('66 ST-LINCOLN', '1')",146681,40.773424,-73.982234
"('NASSAU AV', 'G')",56246,40.724608,-73.951271
"('42 ST-TIMES SQ', '1237ACENQRS')",572597,40.755905,-73.986504
"('34 ST-HERALD SQ', 'BDFMNQR')",750931,40.749533,-73.987899
"('BEACH 67 ST', 'A')",16421,40.590867,-73.797011
"('BUHRE AVE', '6')",18798,40.846817,-73.832545
"('125 ST', '1')",51331,40.815596,-73.958395
"('15 ST-PROSPECT', 'FG')",40804,40.660376,-73.979509
"('ALABAMA AVE', 'J')",15819,40.677107,-73.898871
"('BROAD ST', 'JZ')",37713,40.706539,-74.011052
"('207 ST', '1')",41262,40.864653,-73.918719
"('8 AVE', 'ACEL')",176141,40.740388,-74.002104
"('SUTTER AVE', '3')",48343,40.664591,-73.922668
"('JAMAICA-VAN WYC', 'E')",30809,40.702566,-73.816859
"('KOSCIUSZKO ST', 'J')",31350,40.693329,-73.928826
"('LACKAWANNA', '1')",46510,,
"('BEACH 36 ST', 'A')",5917,40.595381,-73.768194
"('PENNSYLVANIA AV', '3')",45527,40.664884,-73.894258
"('161 ST-YANKEE', '4BD')",86055,40.827888,-73.925736
"('116 ST-COLUMBIA', '1')",86000,40.80819,-73.964124
"('47-50 ST-ROCK', 'BDFM')",354372,40.758652,-73.981311
"('225 ST', '25')",27726,40.887887,-73.860505
"(""8 ST-B'WAY NYU"", 'NR')",105764,40.730348,-73.992705
"('WINTHROP ST', '25')",43708,40.656648,-73.950198
"('KINGSBRIDGE RD', 'BD')",48134,40.866974,-73.893485
"('BROOK AVE', '6')",37934,40.808044,-73.919234
"('KINGS HIGHWAY', 'BQ')",116216,40.608691,-73.957772
"('CYPRESS HILLS', 'J')",8951,40.689945,-73.872564
"('77 ST', '6')",218184,40.773636,-73.959875
"('METS-WILLETS PT', '7')",30273,40.754622,-73.845625
"('EXCHANGE PLACE', '1')",89679,40.716737,-74.033024
"('ELMHURST AVE', 'MR')",86700,40.742445,-73.882005
"('149 ST-3 AVE', '25')",131569,40.816132,-73.917754
"('175 ST', 'A')",86478,40.847369,-73.939683
"('FT HAMILTON PKY', 'N')",44228,40.631428,-74.005387
"('CANAL ST', 'ACE')",121407,40.720852,-74.005237
"('CLASSON AVE', 'G')",31230,40.688855,-73.960025
"('EAST 105 ST', 'L')",23505,40.650625,-73.899558
"('170 ST', 'BD')",43560,40.839301,-73.913355
"('135 ST', '23')",96425,40.814459,-73.940992
"('25 AVE', 'D')",26744,40.597873,-73.986955
"('AQUEDUCT TRACK', 'A')",12596,40.668221,-73.834026
"('KINGSBRIDGE RD', '4')",58172,40.867899,-73.897326
"('BROADWAY/LAFAY', 'BDFQ6')",153082,40.725297,-73.996204
"('HOYT ST', '23')",44102,40.690545,-73.985065
"('110 ST-CATHEDRL', '1')",83346,40.804032,-73.966742
"('50 ST', 'D')",19441,40.636232,-73.994765
"('SUTPHIN BLVD', 'EJZ')",154464,40.700488,-73.807933
"('FRANKLIN AVE', 'ACS')",42161,40.681159,-73.956056
"('BERGEN ST', '23')",23652,40.680801,-73.975132
"('ASTOR PLACE', '6')",101207,40.730056,-73.991042
"('PROSPECT PARK', 'BQS')",65126,40.661596,-73.962193
"('PROSPECT AVE', 'R')",33860,40.665438,-73.992856
"('SHEPHERD AVE', 'C')",20595,40.674161,-73.880761
"('79 ST', 'D')",35040,40.613513,-74.000645
"('110 ST', '6')",89757,40.795066,-73.944297
"('FRANKLIN AVE', '2345S')",60175,40.670711,-73.958051
"('INWOOD-207 ST', 'A')",58496,40.868045,-73.919921
"('CHAMBERS ST', 'JZ456')",64601,40.713159,-74.003917
"('182-183 ST', 'BD')",31743,40.856085,-73.900695
"('14TH STREET', '1')",56485,40.737434,-73.996785
"('125 ST', '456')",156276,40.804406,-73.937452
"('JACKSON AVE', '25')",32280,40.816505,-73.907797
"('JUNCTION BLVD', '7')",138535,40.749143,-73.869452
"('25 ST', 'R')",23201,40.66043,-73.997944
"('148 ST-LENOX', '3')",24608,40.823877,-73.936443
"('86 ST', 'R')",71847,40.622715,-74.028368
"('34 ST-PENN STA', '123')",217153,40.750329,-73.991096
"('PROSPECT AVE', '25')",44109,40.819396,-73.901467
"('YORK ST', 'F')",55874,40.699756,-73.98689
"('VAN SICLEN AVE', 'JZ')",18786,40.678018,-73.891726
"('ZEREGA AVE', '6')",13774,40.83646,-73.846471
"('FORDHAM ROAD', '4')",74561,40.862941,-73.901199
"('2 AVE', 'F')",110996,40.723291,-73.989873
"('HOYT/SCHERMER', 'ACG')",60622,40.688465,-73.985474
"('DEKALB AVE', 'BDNQR')",101601,40.690612,-73.981848
"('SENECA AVE', 'M')",16512,40.702798,-73.907776
"('KINGS HIGHWAY', 'F')",22132,40.603234,-73.972342
"('GRAND-30 AVE', 'NQ')",90645,40.766843,-73.921423
"('28 ST', '1')",89527,40.747224,-73.99336
"('KINGSTON-THROOP', 'C')",37307,40.679921,-73.940858
"('GRAND ARMY PLAZ', '23')",45985,40.675219,-73.971012
"('NEPTUNE AVE', 'F')",9882,40.580992,-73.974531
"('51 ST', '6')",135897,40.757108,-73.97187
"('18 AVE', 'F')",25091,40.629881,-73.977149
"('CYPRESS AVE', '6')",23822,40.805737,-73.914471
"('219 ST', '25')",22247,40.883767,-73.862736
"('NEREID AVE', '25')",22800,40.898382,-73.854389
"('121 ST', 'JZ')",15399,40.700536,-73.828382
"('MORRIS PARK', '5')",11636,40.854137,-73.860977
"('67 AVE', 'MR')",54996,40.726462,-73.85263
"('FRANKLIN ST', '1')",34991,40.719323,-74.006953
"('JAY ST-METROTEC', 'ACF')",214666,40.692338,-73.987342
"('AVE M', 'BQ')",31874,40.617568,-73.95936
"('125 ST', 'ACBD')",188874,40.811056,-73.952386
"('HIGH ST', 'AC')",57361,40.699316,-73.990474
"('145 ST', '3')",22907,40.820402,-73.936315
"('ALLERTON AVE', '25')",36458,40.865481,-73.867393
"('BRIGHTON BEACH', 'BQ')",80578,40.577961,-73.961806
"('168 ST-BROADWAY', 'AC1')",82797,40.840778,-73.940091
"('THIRTY ST', '1')",61850,,
"('23 ST', '6')",149137,40.740088,-73.986429
"('125 ST', '23')",87537,40.808076,-73.945906
"('NEVINS ST', '2345')",64538,40.688269,-73.980453
"('CASTLE HILL AVE', '6')",40653,40.834255,-73.851222
"('GROVE STREET', '1')",109221,40.719876,-74.042616
"('HALSEY ST', 'J')",39736,40.68617,-73.916337
"('E 180 ST', '25')",52336,40.841882,-73.873551
"('FT HAMILTON PKY', 'FG')",35513,40.650722,-73.975818
"('69 ST-FISK AVE', '7')",30665,40.746325,-73.896403
"('50 ST', '1')",163363,40.761675,-73.983908
"('SARATOGA AVE', '3')",55525,40.661466,-73.916316
"('RECTOR ST', 'R')",40706,40.707222,-74.013391
"('MARBLE HILL-225', '1')",36756,40.874551,-73.909879
"('103 ST', '6')",47863,40.790582,-73.947473
"('50 ST', 'CE')",128970,40.762439,-73.985989
"('28 ST-BROADWAY', 'NR')",80432,40.745574,-73.988682
"(""PRINCE ST-B'WAY"", 'NR')",106057,40.724332,-73.997684
"('GREENPOINT AVE', 'G')",55931,40.731324,-73.954425
"('EASTERN PKWY', '23')",31379,40.672013,-73.96436
"('42 ST-TIMES SQ', 'ACENQRS1237')",72152,40.755905,-73.986504
"('59 ST', 'NR')",79581,40.641426,-74.017972
"('167 ST', 'BD')",63054,40.833773,-73.91843
"('157 ST', '1')",70545,40.833879,-73.944726
"('CANAL ST', '1')",37903,40.722819,-74.006267
"('14 ST-UNION SQ', 'LNQR456')",464140,40.734836,-73.990688
"('5 AVE-59 ST', 'NQR')",126183,40.764909,-73.973372
"('KINGS HIGHWAY', 'N')",34489,40.603967,-73.980668
"('NORWOOD-205 ST', 'D')",52133,40.874827,-73.878872
"('20 AVE', 'D')",30454,40.604798,-73.998456
"('BROAD CHANNEL', 'AS')",2244,40.608693,-73.816068
"('RECTOR ST', '1')",48172,40.70784,-74.013691
"('DYCKMAN-200 ST', 'A')",43812,40.865286,-73.92698
"('SUTPHIN BLVD', 'F')",29273,40.705416,-73.810562
"('WASHINGTON-36 A', 'NQ')",45326,40.756977,-73.929373
"('FULTON ST', 'ACJZ2345')",195717,40.709938,-74.007983
"('MARCY AVE', 'JMZ')",85607,40.708377,-73.957751
"('ATLANTIC AVE', 'L')",10672,40.675496,-73.902819
"('WILSON AVE', 'L')",28638,40.688676,-73.903999
"('18 AVE', 'N')",39579,40.620728,-73.990388
"('METROPOLITAN AV', 'GL')",63478,40.713875,-73.951592
"('174 ST', '25')",37386,40.837382,-73.887659
"('STEINWAY ST', 'MR')",93084,40.756864,-73.920736
"('BROADWAY-31 ST', 'NQ')",80987,40.761959,-73.925382
"('FLUSHING AVE', 'G')",17893,40.700374,-73.950284
"('LIBERTY AVE', 'C')",16546,40.674552,-73.896554
"('137 ST-CITY COL', '1')",85403,40.821994,-73.953674
"('138 ST-GR CONC', '45')",21280,40.813208,-73.929877
"('NEWARK BM BW', '1')",86631,,
"('DITMAS AVE', 'F')",25826,40.63615,-73.978179
"('21 ST', 'F')",53635,40.7541,-73.94258
"('52 ST-LINCOLN', '7')",41279,40.744103,-73.912497
"('155 ST', 'BD')",25641,40.829934,-73.938632
"('174-175 ST', 'BD')",33158,40.845892,-73.910136
"('155 ST', 'C')",16814,40.830551,-73.941486
"('23 ST-6 AVE', 'FM')",149689,40.742981,-73.992727
"('116 ST', '6')",93274,40.798574,-73.941593
"('18 ST', '1')",51801,40.741096,-73.997877
"('HARRISON', '1')",48836,40.738879,-74.155533
"('ST LAWRENCE AVE', '6')",26250,40.8315,-73.867623
"('46 ST-BLISS ST', '7')",86728,40.743079,-73.918419
"('NEWARK HM HE', '1')",6,,
"('AVE I', 'F')",13077,40.625305,-73.975732
"('HEWES ST', 'JM')",16505,40.706994,-73.953481
"('PAVONIA/NEWPORT', '1')",115009,,
"('TOMPKINSVILLE', '1')",4540,40.636948,-74.074824
"('WESTCHESTER SQ', '6')",37886,40.839892,-73.842952
"('GRAHAM AVE', 'L')",63678,40.71459,-73.944104
"('7 AVE-53 ST', 'BDE')",104465,40.762877,-73.98159
"('MOSHOLU PARKWAY', '4')",51034,40.87963,-73.884666
"('AQUEDUCT-N CNDT', 'A')",7848,40.668234,-73.834058
"('UNION TPK-KEW G', 'EF')",164803,40.714444,-73.830979
"('MYRTLE-WILLOUGH', 'G')",36275,40.694568,-73.949046
"('BAY RIDGE AVE', 'R')",48770,40.634945,-74.023411
"('ROCKAWAY AVE', 'C')",33166,40.67836,-73.911939
"('103 ST', 'BC')",29319,40.796105,-73.961399
"('57 ST', 'F')",88270,40.763625,-73.977449
"('AVE N', 'F')",20698,40.615174,-73.974166
"('96 ST', '123')",251676,40.79388,-73.972363
"('4 AVE', 'DFGMNR')",25239,40.67032,-73.988757
"('36 ST', 'MR')",27646,40.75202,-73.92874
"('MIDDLETOWN ROAD', '6')",12052,40.843635,-73.836687
"('JAMAICA CENTER', 'EJZ')",248632,40.702131,-73.80111
"('CORTELYOU ROAD', 'BQ')",38036,40.640905,-73.963866
"('BEDFORD PARK BL', 'BD')",42828,40.873026,-73.886919
"('BOROUGH HALL/CT', 'R2345')",13482,40.692404,-73.990151
"('CATHEDRL-110 ST', 'BC')",46309,40.800637,-73.958201
"('CENTRAL AVE', 'M')",20797,40.697673,-73.927131
"('BAY RIDGE-95 ST', 'R')",36717,40.616624,-74.030964
"('PELHAM BAY PARK', '6')",46960,40.852465,-73.828125
"('MONTROSE AVE', 'L')",44956,40.707889,-73.940005
"('145 ST', 'ABCD')",147575,40.824787,-73.944232
"('75 AVE', 'EF')",22456,40.718477,-73.837223
"('170 ST', '4')",57905,40.840048,-73.917775
"('59 ST-COLUMBUS', '1ABCD')",86338,40.76811,-73.981891
"('231 ST', '1')",59875,40.878867,-73.904858
"('RIT-MANHATTAN', 'R')",32317,40.761268,-73.964016
"('BEACH 44 ST', 'A')",3996,40.593214,-73.776433
"('PELHAM PARKWAY', '5')",16248,40.858973,-73.855355
"('JAY ST-METROTEC', 'R')",17961,40.692182,-73.985935
"('5 AVE-BRYANT PK', '7BDFM')",74225,40.753824,-73.981966
"('86 ST', '456')",403993,40.779485,-73.955541
"('WHITLOCK AVE', '6')",10946,40.826508,-73.886425
"('EUCLID AVE', 'AC')",57581,40.675382,-73.87207
"('72 ST', 'BC')",58918,40.775545,-73.976398
"('34 ST-PENN STA', 'ACE')",527979,40.752247,-73.993456
"('BOWLING GREEN', '45')",199604,40.704782,-74.014099
"('BEDFORD PARK BL', '4')",34535,40.873399,-73.890084
"('23 ST-5 AVE', 'NR')",153927,40.741006,-73.989315
"('AVE U', 'BQ')",43555,40.599307,-73.955916
"('GRANT AVE', 'A')",41370,40.677107,-73.865376
"('BAYCHESTER AVE', '5')",19209,40.878656,-73.838596
"('PARSONS BLVD', 'F')",39453,40.707564,-73.803326
"('NORWOOD AVE', 'JZ')",22326,40.681598,-73.880074
"('7 AVE', 'BQ')",58258,40.677172,-73.972514
"('22 AVE-BAY PKY', 'F')",9549,40.620907,-73.975453
"('FT HAMILTON PKY', 'D')",24555,40.640872,-73.994229
"('BEACH 105 ST', 'AS')",2335,40.583542,-73.82643
"('104 ST', 'JZ')",14130,40.695184,-73.844326
"('SMITH-9 ST', 'FG')",31704,40.673714,-73.996139
"('168 ST-BROADWAY', '1AC')",71106,40.840778,-73.940091
"('KINGSTON AVE', '3')",31581,40.669409,-73.942173
"('81 ST-MUSEUM', 'BC')",93442,40.781435,-73.972149
"('23 ST', 'CE')",154969,40.745924,-73.998005
"('BEEBE-39 AVE', 'NQ')",20611,40.753076,-73.93271
"('FOREST HILLS-71', 'EFMR')",174602,40.721681,-73.84439
"('FAR ROCKAWAY', 'A')",31189,40.603983,-73.755383
"('NEW LOTS AVE', '3')",45616,40.666252,-73.884087
"('59 ST', '456NQR')",310254,40.762796,-73.967686
"('BEACH 90 ST', 'AS')",8063,40.588032,-73.813684
"('LIVONIA AVE', 'L')",19207,40.663801,-73.900444
"('233 ST', '25')",34795,40.893386,-73.857265
"('103 ST', '1')",84286,40.799354,-73.968329
"('CHURCH AVE', 'BQ')",110871,40.650494,-73.962836
"('NEWARK HW BMEBE', '1')",27973,,
"('WHITEHALL ST', 'R1')",103695,40.703082,-74.012983
"('86 ST', '1')",123227,40.788844,-73.97599
"('TWENTY THIRD ST', '1')",49716,40.742933,-73.992909
"('CHAMBERS ST', '123')",128684,40.715436,-74.009335
"('161 ST-YANKEE', 'BD4')",112216,40.827888,-73.925736
"('96 ST', '6')",172867,40.785822,-73.95097
"('CROWN HTS-UTICA', '34')",169835,40.669279,-73.932967
"('BURKE AVE', '25')",22221,40.871387,-73.867135
"('FRESH POND ROAD', 'M')",35676,40.706181,-73.89591
"('CITY / BUS', '1')",89829,,
"('COURT SQ', 'EMG')",52041,40.747257,-73.945112
"('QUEENSBORO PLZ', '7NQ')",70542,40.750508,-73.940177
"('AVE U', 'F')",13201,40.596065,-73.973329
"('LEXINGTON AVE', 'F')",67038,40.764763,-73.966291
"('65 ST', 'MR')",24061,40.749663,-73.898485
"('HALSEY ST', 'L')",49081,40.695607,-73.904021
"('215 ST', '1')",12019,40.869359,-73.915329
"('110 ST-CPN', '23')",63142,40.79911,-73.951807
"('AVE H', 'BQ')",16207,40.629164,-73.961678
"('RALPH AVE', 'C')",35790,40.678815,-73.920801
"('LEXINGTON-53 ST', 'EM6')",256644,40.75753,-73.969102
"('68ST-HUNTER COL', '6')",189982,40.768143,-73.964016
"('PELHAM PARKWAY', '25')",61925,40.857188,-73.867607
"('FOREST AVE', 'M')",25385,40.704424,-73.903077
"('VERNON/JACKSON', '7')",90963,40.742624,-73.953545
"('238 ST', '1')",25854,40.884821,-73.900759
"('23 ST', '1')",93858,40.744071,-73.995624
"('40 ST-LOWERY ST', '7')",64576,40.743778,-73.923998
"('LEFFERTS BLVD', 'A')",39561,40.685975,-73.824713
"('WALL ST', '23')",155376,40.706864,-74.009056
"('PATH WTC', '1')",277123,40.711638,-74.010708
"('EAST BROADWAY', 'F')",89093,40.713647,-73.990152
"('GUN HILL ROAD', '25')",47546,40.877796,-73.866255
"('BAY PKY-22 AVE', 'N')",48428,40.612006,-73.982009
"('BOYD-88 ST', 'A')",29132,40.679857,-73.851492
"('VAN SICLEN AVE', 'C')",19973,40.672786,-73.890438
"('TREMONT AVE', 'BD')",60216,40.850307,-73.905244
"('BEACH 60 ST', 'A')",15915,40.592334,-73.788493
"('103 ST-CORONA', '7')",122220,40.749858,-73.862672
"('90 ST-ELMHURST', '7')",101918,40.748541,-73.876791
"('SPRING ST', 'CE')",74868,40.726202,-74.003627
"('ORCHARD BEACH', '6')",2,40.852417,-73.828082
"('149 ST-GR CONC', '245')",75368,40.818429,-73.926927
"('GUN HILL ROAD', '5')",29500,40.877796,-73.866341
"('WOODHAVEN BLVD', 'MR')",142605,40.73308,-73.869259
"('BEACH 98 ST', 'AS')",4904,40.585514,-73.820143
"('FULTON ST', '2345ACJZ')",244760,40.709938,-74.007983
"('GREENWOOD-111', 'A')",14191,40.684364,-73.832181
"('E TREMONT AVE', '25')",50433,40.840097,-73.879774
"('FULTON ST', 'G')",29178,40.68713,-73.975346
"('W 8 ST-AQUARIUM', 'FQ')",22862,40.576152,-73.975925
"('BRONX PARK EAST', '25')",17308,40.848797,-73.868465
"('DELANCEY ST', 'FJMZ')",96714,40.71838,-73.987813
"('242 ST', '1')",43488,40.889185,-73.898549
"('8 AVE', 'N')",73243,40.635011,-74.011717
"('6 AVE', 'FLM123')",37202,40.737348,-73.9969
"('THIRTY THIRD ST', '1')",143521,40.748931,-73.988113
"('QUEENS PLAZA', 'EMR')",62438,40.748948,-73.937194
"('BOROUGH HALL/CT', '2345R')",204820,40.692404,-73.990151
"('96 ST', 'BC')",59452,40.791654,-73.964682
"('9 ST', 'DFGMNR')",56790,40.67032,-73.988757
"('181 ST', '1')",73307,40.849495,-73.933632
"('RIT-ROOSEVELT', 'R')",28186,40.7574,-73.954006
"('LONGWOOD AVE', '6')",21454,40.816083,-73.89606
"('CLINTON-WASH AV', 'C')",37491,40.683263,-73.965838
"('FLATBUSH AVE', '25')",115621,40.632836,-73.947642
"('CHURCH AVE', '25')",59696,40.650843,-73.949575
"('WOODHAVEN BLVD', 'JZ')",30801,40.693866,-73.851568
"('STERLING ST', '25')",35171,40.662752,-73.950605
"('LORIMER ST', 'JM')",29666,40.703855,-73.947387
"('46 ST', 'MR')",57783,40.756312,-73.913333
"('176 ST', '4')",38575,40.848635,-73.912497
"('9TH STREET', '1')",30134,,
"('AVE U', 'N')",26774,40.597482,-73.979359
"('36 ST', 'DNR')",84150,40.65515,-74.003477
"('FREEMAN ST', '25')",28818,40.829966,-73.891876
"('NEWARK C', '1')",28794,,
"('BLEECKER ST', '6DF')",94320,40.725665,-73.995645
"('BERGEN ST', 'FG')",71612,40.686154,-73.990881
"('BROOKLYN BRIDGE', '456JZ')",119805,40.713159,-74.003917
"('DEKALB AVE', 'L')",76060,40.703839,-73.91844
"('77 ST', 'R')",33153,40.629702,-74.025514
"('86 ST', 'N')",16896,40.592676,-73.978243
"('183 ST', '4')",39548,40.858389,-73.903828
"('72 ST', '123')",259610,40.778575,-73.981912
"('ROCKAWAY PK 116', 'AS')",6686,40.580454,-73.837459
"('ROOSEVELT IS', 'F')",38622,40.759123,-73.953266
"('AVE P', 'F')",17239,40.609147,-73.972986
"('DYRE AVE', '5')",24272,40.888244,-73.83085
"('UNION ST', 'R')",38285,40.677302,-73.983135
"('INTERVALE-163', '25')",19954,40.822172,-73.896747
"('CORTLANDT ST', 'R')",58776,40.710662,-74.011052
"('42 ST-PA BUS TE', 'ACENQRS1237')",506055,40.757303,-73.989787
"('MORRISON AVE', '6')",40873,40.829495,-73.874559
"('CLINTON-WASH AV', 'G')",31744,40.688123,-73.966742
"('SIMPSON ST', '25')",58691,40.82417,-73.893228
"('167 ST', '4')",61284,40.835535,-73.92138
"('5 AVE-53 ST', 'EM')",153472,40.760179,-73.975196
"('34 ST-PENN STA', '123ACE')",352185,40.750264,-73.992984
"('61 ST/WOODSIDE', '7')",109328,40.745623,-73.902969
"('CLEVELAND ST', 'J')",21487,40.679938,-73.884687
"('PARK PLACE', 'S')",11770,40.67491,-73.957794
"('169 ST', 'F')",52835,40.710459,-73.7936
"('111 ST', '7')",69539,40.75176,-73.855183
"('14 ST', 'ACEL')",120301,40.740388,-74.002104
"('PARKSIDE AVE', 'BQ')",34383,40.655053,-73.961227
"('E 177 ST-PARKCH', '6')",99018,40.833246,-73.860805
"('ROOSEVELT AVE', 'EFMR7')",309736,40.746655,-73.891361
"('NEW LOTS AVE', 'L')",31536,40.658748,-73.899472
"('GATES AVE', 'JZ')",40348,40.689652,-73.922281
"('BROADWAY-ENY', 'ACJLZ')",59121,40.678848,-73.904139
"('JFK HOWARD BCH', 'A')",17216,40.660476,-73.830301
"('28 ST', '6')",140959,40.743095,-73.984251
"('DYCKMAN ST', '1')",45710,40.860523,-73.925575
"('BEVERLY ROAD', '25')",27238,40.645089,-73.948975
"('42 ST-BRYANT PK', 'BDFM7')",242657,40.754198,-73.984573
"('NORTHERN BLVD', 'MR')",45239,40.752898,-73.905973
"('HUDSON-80 ST', 'A')",41616,40.679369,-73.85896
"('86 ST', 'BC')",63846,40.785822,-73.968952
"('COURT SQ', '7')",27660,40.747029,-73.94537
"('CLARK ST', '23')",39426,40.697356,-73.992888
"('CHRISTOPHER ST', '1')",97195,,
"('SHEEPSHEAD BAY', 'BQ')",84813,40.58681,-73.954167
"('STILLWELL AVE', 'DFNQ')",152183,40.577423,-73.981225
"('14 ST-6 AVE', 'FLM123')",109569,40.737348,-73.9969
"('181 ST', 'A')",71347,40.851686,-73.937967
"('VAN ALSTON-21ST', 'G')",9884,40.743973,-73.949876
"('AVE J', 'BQ')",34408,40.625028,-73.960819
"('JAMAICA-179 ST', 'F')",134646,40.712622,-73.783815
"('9 AVE', 'D')",32391,40.646343,-73.994551
"('CARROLL ST', 'FG')",71946,40.680231,-73.99498
"('AVE X', 'F')",18054,40.589547,-73.974295
"('GRAND ST', 'BD')",158211,40.718542,-73.994164
"('CHAUNCEY ST', 'JZ')",19945,40.682867,-73.91048
"('PATH WTC 2', '1')",4138,40.711638,-74.010708
"('JUNIUS ST', '3')",20342,40.663419,-73.902454
"('E 143 ST', '6')",5657,40.808742,-73.90769
"('14 ST', '123FLM')",143795,40.738007,-73.998381
"('79 ST', '1')",108208,40.783872,-73.979938
"('OCEAN PARKWAY', 'Q')",20845,40.576298,-73.968523
"('ELDERTS LANE', 'JZ')",21807,40.69132,-73.867135
"('FOREST PARKWAY', 'J')",24469,40.692304,-73.860151
"('59 ST-COLUMBUS', 'ABCD1')",348311,40.76811,-73.981891
"('NEWKIRK AVE', '25')",47527,40.639961,-73.948352
"('MT EDEN AVE', '4')",36002,40.844406,-73.914621
"('FORDHAM ROAD', 'BD')",74107,40.862803,-73.901034
"('NOSTRAND AVE', '3')",25884,40.669735,-73.950455
"('FLUSHING AVE', 'JM')",55970,40.700244,-73.941658
"('BOTANIC GARDEN', 'S2345')",9279,40.670499,-73.958759
"('PRESIDENT ST', '25')",22309,40.667879,-73.950648
"('ROCKAWAY PKY', 'L')",79519,40.64666,-73.901832
"('HOYT ST-ASTORIA', 'NQ')",78653,40.770426,-73.917614
"('VAN WYCK BLVD', 'EF')",28329,40.709174,-73.820593
"('BURNSIDE AVE', '4')",65211,40.85339,-73.907733
"('33 ST/RAWSON ST', '7')",64760,40.744558,-73.930993
"('DITMARS BL-31 S', 'NQ')",105547,40.774984,-73.912067
"('ESSEX ST', 'FJMZ')",58649,40.71838,-73.987813
"('MAIN ST', '7')",371047,40.759578,-73.830056
"('NEW UTRECHT AVE', 'ND')",38838,40.625419,-73.996632
"('BEDFORD/NOSTRAN', 'G')",51385,40.689636,-73.953459
"('MYRTLE AVE', 'LM')",122427,40.699707,-73.91181
"('CANAL ST', 'JNQRZ6')",302342,40.718233,-74.000323
"('ROCKAWAY BLVD', 'A')",8714,40.680429,-73.843853
"('CRESCENT ST', 'JZ')",31318,40.683209,-73.873765
"('145 ST', '1')",64579,40.826426,-73.950412
"('191 ST', '1')",51948,40.855176,-73.929384
"('71 ST', 'D')",25660,40.619588,-73.998842
"('14 ST-UNION SQ', '456LNQR')",220833,40.734836,-73.990688
"('HOWARD BCH-JFK', 'A')",15350,40.660476,-73.830301
"('E 149 ST', '6')",28576,40.812104,-73.904085
"('NOSTRAND AVE', 'AC')",111960,40.68041,-73.950326
"('JOURNAL SQUARE', '1')",125626,40.732102,-74.063915
"('63 DR-REGO PARK', 'MR')",103819,40.729869,-73.86161
"('1 AVE', 'L')",150372,40.730901,-73.981719
"('BEDFORD AVE', 'L')",179341,40.717241,-73.956614
"('BAY 50 ST', 'D')",16753,40.588879,-73.983629
"('LAFAYETTE AVE', 'C')",30594,40.68617,-73.973908
"('33 ST', '6')",190214,40.746119,-73.981826
"('KNICKERBOCKER', 'M')",24729,40.698666,-73.919685
"('UTICA AVE', 'AC')",99268,40.679279,-73.930585
"('82 ST-JACKSON H', '7')",98389,40.747647,-73.883786
"('49 ST-7 AVE', 'NQR')",156396,40.760139,-73.984112
"('MORGAN AVE', 'L')",47832,40.706148,-73.93316
"('ELDER AVE', '6')",39923,40.828894,-73.879559
"('BUSHWICK AVE', 'L')",12170,40.682558,-73.905501
"('HOUSTON ST', '1')",85168,40.728202,-74.005344
"('HUNTS POINT AVE', '6')",64503,40.820889,-73.890567
"('WOODLAWN ROAD', '4')",47718,40.885973,-73.878851
"('45 ST', 'R')",43991,40.648866,-74.010086
"('GRAND ST', 'L')",42516,40.711874,-73.94067
"('135 ST', 'BC')",31469,40.817902,-73.947644
"('BROADWAY', 'G')",25727,40.7061,-73.950348
"('BOWERY', 'JZ')",22459,40.720315,-73.994014
"('18 AVE', 'D')",35484,40.607958,-74.001782
"('116 ST', '23')",78439,40.802098,-73.949625
"('BAY PARKWAY', 'D')",43362,40.601898,-73.993821
"('OXFORD-104 ST', 'A')",12283,40.681745,-73.837631
"('3 AVE', 'L')",43957,40.733243,-73.987169
"('WAKEFIELD-241', '2')",34009,40.903085,-73.850591
"('WALL ST', '45')",135887,40.707466,-74.011867
"('METROPOLITAN AV', 'M')",25611,40.711353,-73.88958
"('42 ST-GRD CNTRL', '4567S')",936689,40.751849,-73.976945
"('BEACH 25 ST', 'A')",11112,40.600138,-73.76152
"('JEFFERSON ST', 'L')",49128,40.706636,-73.922925
"('W 4 ST-WASH SQ', 'ABCDEFM')",270482,40.732251,-74.000559
"('7 AV-PARK SLOPE', 'FG')",74628,40.666276,-73.980324
"('GRAND AV-NEWTON', 'MR')",110134,40.736998,-73.877242
"('BEVERLEY ROAD', 'BQ')",17646,40.643982,-73.96451
"('190 ST', 'A')",30043,40.859022,-73.93419
"('ST. GEORGE', '1')",81411,40.643738,-74.073622
"('HUNTERS PT AVE', '7')",37426,40.74238,-73.948889
"('MYRTLE AVE', 'JMZ')",71982,40.697266,-73.935692
"('163 ST-AMSTERDM', 'C')",27477,40.835957,-73.939898
"('SUTTER AVE', 'L')",27973,40.669376,-73.902047
"('PARK PLACE', '23ACE')",21686,40.713061,-74.008777
"('JFK JAMAICA CT1', 'E')",51379,40.643942,-73.782356
